{
    "train_loss": [
        1.0690410494804383,
        1.054005844593048,
        1.0607905602455139,
        1.04232027053833,
        1.0669414830207824,
        1.039807107448578,
        1.0490366744995117,
        1.0292067074775695,
        1.0314328289031982,
        1.0165625262260436,
        1.0070303010940551,
        1.0070387959480285,
        1.004103317260742,
        0.9893143987655639,
        0.9640133595466613,
        0.9910641050338745,
        0.9955158662796021,
        0.9919751524925232,
        0.9787886905670166,
        0.9505714178085327,
        0.9604416680335999,
        0.9432270002365112,
        0.9466948246955872,
        0.9489969706535339,
        0.9362154269218445,
        0.918806791305542,
        0.9222506380081177,
        0.9378458023071289,
        0.8991733837127686,
        0.9441757655143738,
        0.8997785234451294,
        0.8825726532936096,
        0.8802728056907654,
        0.9122134757041931,
        0.8855158996582031,
        0.8641781711578369,
        0.8707487535476685,
        0.8623466038703919,
        0.8810255289077759,
        0.864265501499176,
        0.8395906519889832,
        0.8574851274490356,
        0.8412229490280151,
        0.8489581966400146,
        0.8646170473098755,
        0.8469658613204956,
        0.8342061281204224,
        0.8330694770812989,
        0.8429852771759033,
        0.7649284386634827
    ],
    "train_acc": [
        0.5840000000000001,
        0.5875999999999999,
        0.5836000000000001,
        0.5972,
        0.58,
        0.6,
        0.5976,
        0.6040000000000001,
        0.5920000000000001,
        0.6048,
        0.6111999999999999,
        0.6032,
        0.606,
        0.6124,
        0.6283999999999998,
        0.6244,
        0.6184000000000001,
        0.6224,
        0.6275999999999999,
        0.6300000000000001,
        0.6332000000000001,
        0.63,
        0.6308,
        0.6315999999999998,
        0.6360000000000001,
        0.6452,
        0.6431999999999999,
        0.6380000000000001,
        0.6611999999999999,
        0.6360000000000001,
        0.6512,
        0.6664,
        0.6672,
        0.6519999999999999,
        0.6652,
        0.6723999999999998,
        0.6656,
        0.6792,
        0.6668000000000001,
        0.6684000000000002,
        0.6768000000000001,
        0.6751999999999999,
        0.6828,
        0.6744000000000001,
        0.6708,
        0.6804000000000001,
        0.68,
        0.6708,
        0.6784,
        0.7247999999999999
    ],
    "test_loss": [
        1.0260179042816162,
        1.136549472808838,
        1.1207420527935028,
        1.0406547784805298,
        1.037034660577774,
        1.0458187758922577,
        1.1019229888916016,
        1.0804834067821503,
        1.0132707357406616,
        0.9914095997810364,
        1.0882716476917267,
        1.0244699716567993,
        1.1379178762435913,
        1.0352627635002136,
        1.001185804605484,
        0.9838800132274628,
        0.9678808748722076,
        1.0750655233860016,
        1.0326340794563293,
        1.0688941180706024,
        0.927916407585144,
        1.0006840825080872,
        0.9734401404857635,
        0.9609545469284058,
        1.0709105730056763,
        1.0377020239830017,
        1.0541870594024658,
        0.9860899448394775,
        1.0000301897525787,
        0.9693191051483154,
        1.0405335426330566,
        0.9730068445205688,
        0.9723283648490906,
        0.9226724803447723,
        0.9674311280250549,
        0.986282229423523,
        0.9968475997447968,
        0.9002074003219604,
        1.0240516364574432,
        0.8814491629600525,
        0.9530118703842163,
        0.9452975690364838,
        0.9245895445346832,
        0.864718496799469,
        0.9116702973842621,
        0.9765728414058685,
        0.8404026329517365,
        0.9131282269954681,
        0.8879218101501465,
        0.9170767068862915
    ],
    "test_acc": [
        0.585,
        0.5700000000000001,
        0.5449999999999999,
        0.575,
        0.615,
        0.645,
        0.56,
        0.57,
        0.6000000000000001,
        0.605,
        0.575,
        0.615,
        0.54,
        0.615,
        0.625,
        0.605,
        0.6100000000000001,
        0.54,
        0.62,
        0.5800000000000001,
        0.6200000000000001,
        0.625,
        0.635,
        0.625,
        0.5650000000000001,
        0.585,
        0.5900000000000001,
        0.6599999999999999,
        0.6000000000000001,
        0.645,
        0.585,
        0.635,
        0.63,
        0.62,
        0.61,
        0.655,
        0.625,
        0.64,
        0.625,
        0.6699999999999999,
        0.635,
        0.665,
        0.655,
        0.655,
        0.64,
        0.665,
        0.655,
        0.6699999999999999,
        0.6699999999999999,
        0.665
    ]
}