{
    "train_loss": [
        1.1232343101501465,
        1.0885514116287232,
        1.1001111555099488,
        1.083065118789673,
        1.1020571613311767,
        1.0647140741348267,
        1.065905339717865,
        1.0573827362060546,
        1.0480362319946288,
        1.0300091052055358,
        1.0420774245262145,
        1.05875883102417,
        1.062468707561493,
        1.0400800848007201,
        1.0129443073272706,
        1.0219785594940185,
        1.0347157001495362,
        1.0219450449943543,
        1.0030018615722656,
        1.0110293865203857,
        1.0008405804634095,
        0.9806846356391907,
        0.9673011898994446,
        1.0121309447288513,
        0.9709679007530212,
        0.9467929601669312,
        0.9803334331512451,
        0.9705846452713013,
        0.9434068155288696,
        1.0118524742126465,
        0.934684066772461,
        0.9512650322914123,
        0.9350239181518555,
        0.9430924868583679,
        0.9362293887138367,
        0.9109139680862427,
        0.9302064919471741,
        0.8898794412612915,
        0.9271352815628052,
        0.9125289535522461,
        0.8865921354293823,
        0.8906307673454285,
        0.8826859521865845,
        0.8997516393661499,
        0.8977279210090637,
        0.8965108871459961,
        0.8873875236511231,
        0.8757632279396057,
        0.9168818879127503,
        0.8396804094314575
    ],
    "train_acc": [
        0.5519999999999999,
        0.5684,
        0.5584,
        0.5747999999999999,
        0.5684,
        0.5855999999999999,
        0.584,
        0.5907999999999999,
        0.5828,
        0.6,
        0.586,
        0.5803999999999999,
        0.5795999999999999,
        0.5943999999999999,
        0.6043999999999999,
        0.6035999999999999,
        0.5975999999999999,
        0.6035999999999998,
        0.614,
        0.6063999999999999,
        0.6032,
        0.6104,
        0.6139999999999999,
        0.6048,
        0.628,
        0.6284000000000001,
        0.6188,
        0.6104,
        0.6244,
        0.6084,
        0.6304,
        0.6436000000000002,
        0.6472,
        0.6332000000000001,
        0.6367999999999999,
        0.6519999999999999,
        0.6476000000000002,
        0.6664,
        0.6519999999999999,
        0.6431999999999999,
        0.6608000000000002,
        0.6656,
        0.6556000000000001,
        0.6536,
        0.6532000000000001,
        0.6464000000000002,
        0.6711999999999999,
        0.67,
        0.6472,
        0.6807999999999998
    ],
    "test_loss": [
        1.0771281719207764,
        1.2268202900886536,
        1.1762003302574158,
        1.0350823402404785,
        1.1359209418296814,
        1.0533749759197235,
        1.1450423300266266,
        1.0965649783611298,
        1.1303433775901794,
        1.0453849136829376,
        1.1255623400211334,
        1.058535635471344,
        1.113646149635315,
        1.0359260141849518,
        1.048953115940094,
        1.053659826517105,
        0.9879065752029419,
        1.088250994682312,
        1.0312463641166687,
        1.0795045495033264,
        1.0313423871994019,
        0.973687469959259,
        1.0158795714378357,
        1.039825201034546,
        1.1047911047935486,
        1.1541865468025208,
        1.14239901304245,
        0.9875083267688751,
        1.029848575592041,
        0.9702217280864716,
        1.0196022987365723,
        0.9836927652359009,
        0.9690293669700623,
        0.9614492952823639,
        1.0212823152542114,
        0.9026276469230652,
        1.016197293996811,
        0.9440634846687317,
        1.1042273938655853,
        0.9787432253360748,
        0.9695007503032684,
        0.9822620749473572,
        0.9961247742176056,
        0.910256952047348,
        0.9256249070167542,
        0.914289653301239,
        0.9167330861091614,
        0.9923361241817474,
        0.9195239543914795,
        0.9458502531051636
    ],
    "test_acc": [
        0.605,
        0.525,
        0.545,
        0.59,
        0.5449999999999999,
        0.62,
        0.5700000000000001,
        0.585,
        0.5549999999999999,
        0.6,
        0.575,
        0.625,
        0.58,
        0.625,
        0.5800000000000001,
        0.615,
        0.635,
        0.5549999999999999,
        0.62,
        0.5800000000000001,
        0.59,
        0.585,
        0.585,
        0.6,
        0.5599999999999999,
        0.56,
        0.575,
        0.62,
        0.595,
        0.605,
        0.615,
        0.63,
        0.625,
        0.61,
        0.61,
        0.6699999999999999,
        0.605,
        0.62,
        0.59,
        0.635,
        0.62,
        0.63,
        0.635,
        0.675,
        0.6599999999999999,
        0.66,
        0.685,
        0.62,
        0.6499999999999999,
        0.64
    ]
}