{
    "train_loss": [
        0.13333971977233885,
        0.14141240686178208,
        0.19014095336198808,
        0.18850865066051484,
        0.15107264071702958,
        0.1436920264363289,
        0.16034526288509368,
        0.16434324771165848,
        0.12297136217355728,
        0.15527471661567688,
        0.20560005456209182,
        0.1867227727174759,
        0.12463775619864464,
        0.1359536339342594,
        0.14383001178503035,
        0.1402907732129097,
        0.17629144191741944,
        0.16357545614242552,
        0.14852433770895004,
        0.1273439547419548,
        0.13617118388414384,
        0.1296027421951294,
        0.1292454694211483,
        0.1507910680770874,
        0.15124084502458573,
        0.15560366630554198,
        0.11813729509711265,
        0.1162005540728569,
        0.1262178137898445,
        0.13830214560031892,
        0.12459461659193038,
        0.15712342888116837,
        0.16980452179908753,
        0.13565738171339034,
        0.1320724990963936,
        0.1485221154987812,
        0.10769031375646591,
        0.1385650286078453,
        0.18216781288385392,
        0.14284688234329224,
        0.1326979887485504,
        0.14320147216320037,
        0.14321586549282073,
        0.12989264100790024,
        0.13419708460569382,
        0.13544211238622667,
        0.11429765105247497,
        0.11129721254110336,
        0.14121900439262391,
        0.1308999739587307
    ],
    "train_acc": [
        0.9556000000000001,
        0.9547999999999999,
        0.9351999999999999,
        0.9372,
        0.9495999999999999,
        0.9483999999999998,
        0.9516,
        0.9464,
        0.9660000000000001,
        0.9511999999999997,
        0.934,
        0.9383999999999998,
        0.9655999999999999,
        0.9616000000000001,
        0.9528000000000002,
        0.9552000000000003,
        0.9467999999999998,
        0.9472,
        0.9520000000000001,
        0.9635999999999999,
        0.9543999999999998,
        0.9603999999999998,
        0.9616,
        0.9536000000000001,
        0.9524000000000001,
        0.9480000000000003,
        0.9636,
        0.9664000000000003,
        0.9667999999999999,
        0.9563999999999997,
        0.9575999999999999,
        0.9460000000000002,
        0.9448000000000002,
        0.9591999999999997,
        0.9636,
        0.9528000000000002,
        0.9716,
        0.9583999999999997,
        0.9331999999999999,
        0.9511999999999999,
        0.9579999999999999,
        0.9512,
        0.95,
        0.9576000000000002,
        0.9592000000000002,
        0.9619999999999999,
        0.9652000000000001,
        0.9651999999999997,
        0.9640000000000001,
        0.9612
    ],
    "test_loss": [
        1.0774576663970947,
        1.3061361610889435,
        1.1140575408935547,
        1.1923850774765015,
        1.1202765107154846,
        1.1034611463546753,
        1.1990831792354584,
        1.0866381525993347,
        1.0652862787246704,
        1.160111427307129,
        1.2177082300186157,
        1.1089286804199219,
        1.0880287289619446,
        1.1430406868457794,
        1.2392942607402802,
        1.2666349112987518,
        1.1626914739608765,
        1.1445469558238983,
        1.1536475718021393,
        1.108912467956543,
        1.1849390864372253,
        1.139664500951767,
        1.2510033249855042,
        1.2049872279167175,
        1.159884512424469,
        1.1211463809013367,
        1.1401987373828888,
        1.203034222126007,
        1.1547811031341553,
        1.3167097866535187,
        1.0874647796154022,
        1.2506595253944397,
        1.112119734287262,
        1.2994449138641357,
        1.2541614472866058,
        1.2579677402973175,
        1.2966651320457458,
        1.5332783460617065,
        1.337877094745636,
        1.0792966783046722,
        1.235067456960678,
        1.2685010433197021,
        1.149434357881546,
        1.1552262008190155,
        1.1727571487426758,
        1.1450014412403107,
        1.2182799875736237,
        1.0094597935676575,
        1.1957441568374634,
        1.2128232717514038
    ],
    "test_acc": [
        0.75,
        0.7050000000000001,
        0.72,
        0.6799999999999999,
        0.7250000000000001,
        0.6950000000000001,
        0.7350000000000001,
        0.6799999999999999,
        0.7350000000000001,
        0.71,
        0.68,
        0.6950000000000001,
        0.72,
        0.6950000000000001,
        0.6799999999999999,
        0.685,
        0.69,
        0.675,
        0.675,
        0.71,
        0.6950000000000001,
        0.7350000000000001,
        0.7,
        0.685,
        0.71,
        0.6799999999999999,
        0.7150000000000001,
        0.6950000000000001,
        0.685,
        0.685,
        0.7150000000000001,
        0.7250000000000001,
        0.6950000000000001,
        0.685,
        0.6499999999999999,
        0.69,
        0.69,
        0.6499999999999999,
        0.6699999999999999,
        0.7050000000000001,
        0.6799999999999999,
        0.675,
        0.6950000000000001,
        0.7050000000000001,
        0.7,
        0.685,
        0.685,
        0.73,
        0.7,
        0.6799999999999999
    ]
}