{
    "train_loss": [
        0.5070129776000977,
        0.4966054654121399,
        0.5246996581554413,
        0.4873389160633087,
        0.47769245743751526,
        0.4569868552684784,
        0.4463986349105835,
        0.45423396229743956,
        0.45282938838005066,
        0.4688559556007385,
        0.4807703757286072,
        0.47672864675521853,
        0.45221622824668883,
        0.4743219292163849,
        0.4613538312911987,
        0.4617534852027893,
        0.47480090260505675,
        0.46857723474502566,
        0.4326817512512207,
        0.41437329769134523,
        0.4438250327110291,
        0.4273412072658539,
        0.41755149483680726,
        0.4242096996307373,
        0.4042108631134033,
        0.4160444617271423,
        0.38094112813472747,
        0.42740761160850527,
        0.38725137352943423,
        0.4160588866472244,
        0.4016346168518066,
        0.40694596886634826,
        0.3856206947565079,
        0.41399127602577207,
        0.4091985142230988,
        0.3710732245445251,
        0.3792230486869812,
        0.37405756652355193,
        0.37758105754852295,
        0.3521823441982269,
        0.36957658648490904,
        0.34970229625701904,
        0.35582024574279786,
        0.39967022359371185,
        0.3656239700317383,
        0.3523163801431656,
        0.3609026038646698,
        0.3659992265701294,
        0.3833505791425705,
        0.3549880290031433
    ],
    "train_acc": [
        0.8116,
        0.8183999999999999,
        0.8008000000000002,
        0.8212000000000002,
        0.8212,
        0.8236000000000003,
        0.8424,
        0.8308000000000001,
        0.8219999999999998,
        0.8271999999999998,
        0.8227999999999999,
        0.8192,
        0.8344,
        0.8211999999999997,
        0.8227999999999999,
        0.8328,
        0.8220000000000001,
        0.8284,
        0.8436000000000001,
        0.8527999999999999,
        0.8323999999999999,
        0.8375999999999999,
        0.8484,
        0.8416000000000001,
        0.8496000000000001,
        0.8412000000000002,
        0.8539999999999998,
        0.8483999999999999,
        0.8560000000000001,
        0.8507999999999999,
        0.8475999999999999,
        0.8496000000000001,
        0.8552,
        0.8475999999999998,
        0.8412,
        0.8580000000000001,
        0.8515999999999998,
        0.8627999999999997,
        0.8648000000000002,
        0.8688000000000001,
        0.8636,
        0.8704000000000001,
        0.8627999999999999,
        0.858,
        0.8704000000000002,
        0.8715999999999999,
        0.8668,
        0.8612000000000002,
        0.8568000000000001,
        0.8723999999999998
    ],
    "test_loss": [
        0.9421142637729645,
        1.10939559340477,
        0.9891684353351593,
        0.9833742678165436,
        0.7961684763431549,
        0.869635671377182,
        0.8633305132389069,
        0.9013910889625549,
        0.9656644463539124,
        0.8225358873605728,
        0.8247663974761963,
        0.9225837886333466,
        0.8589891791343689,
        0.9537181854248047,
        0.9669066667556763,
        1.0228987038135529,
        0.9713525474071503,
        0.9744653403759003,
        0.9375118017196655,
        0.962066262960434,
        0.9342911839485168,
        0.8612374663352966,
        0.9577767550945282,
        0.9402157366275787,
        0.9331458806991577,
        0.9627602398395538,
        0.9121421277523041,
        0.9365914463996887,
        0.8937322497367859,
        1.0063123404979706,
        1.0302395224571228,
        0.9811513721942902,
        0.9120068252086639,
        1.021488904953003,
        0.9145284593105316,
        0.9640317261219025,
        0.9618785679340363,
        1.1062829494476318,
        0.9499434232711792,
        0.8823963105678558,
        0.8991508483886719,
        1.0111888647079468,
        1.0673750638961792,
        0.892487496137619,
        1.0033924579620361,
        1.1203833222389221,
        1.0242649912834167,
        1.0443722009658813,
        1.080470472574234,
        0.9450114369392395
    ],
    "test_acc": [
        0.75,
        0.64,
        0.675,
        0.69,
        0.6950000000000001,
        0.71,
        0.71,
        0.7050000000000001,
        0.7,
        0.745,
        0.685,
        0.6950000000000001,
        0.72,
        0.6950000000000001,
        0.69,
        0.685,
        0.6950000000000001,
        0.685,
        0.6950000000000001,
        0.69,
        0.735,
        0.73,
        0.705,
        0.71,
        0.6799999999999999,
        0.7,
        0.7050000000000001,
        0.7,
        0.7150000000000001,
        0.665,
        0.6799999999999999,
        0.6699999999999999,
        0.7050000000000001,
        0.7250000000000001,
        0.7350000000000001,
        0.7050000000000001,
        0.685,
        0.65,
        0.6799999999999999,
        0.735,
        0.7,
        0.685,
        0.7,
        0.72,
        0.71,
        0.69,
        0.69,
        0.69,
        0.675,
        0.7
    ]
}