{
    "train_loss": [
        0.1234822165966034,
        0.14408479005098343,
        0.1402915558218956,
        0.15795541048049927,
        0.16013661712408067,
        0.1798684459924698,
        0.21303908169269561,
        0.20517401069402694,
        0.22047425389289857,
        0.19813652843236923,
        0.20846778005361558,
        0.22062686264514922,
        0.236914005279541,
        0.19059488356113433,
        0.19704299181699753,
        0.19150556206703187,
        0.18965008735656738,
        0.18508518755435943,
        0.19255330830812453,
        0.1710674361884594,
        0.19198687344789506,
        0.219608590900898,
        0.22888115108013152,
        0.18358621180057524,
        0.19127241671085357,
        0.18792990654706954,
        0.19819913804531097,
        0.1893562290072441,
        0.1905696800351143,
        0.2267161339521408,
        0.19855237066745757,
        0.18964300453662872,
        0.1677301847934723,
        0.16479421198368072,
        0.1552053239941597,
        0.16422670781612397,
        0.19647457897663118,
        0.17810029208660125,
        0.16187992423772812,
        0.14016373813152314,
        0.1464174520969391,
        0.15288178652524947,
        0.17692909479141236,
        0.1569774940609932,
        0.14754531443119048,
        0.15185710668563843,
        0.19485084414482118,
        0.18474780082702635,
        0.16753341019153595,
        0.1633419406414032
    ],
    "train_acc": [
        0.9603999999999999,
        0.9587999999999998,
        0.9616000000000003,
        0.9524000000000001,
        0.9480000000000003,
        0.9460000000000002,
        0.926,
        0.9384,
        0.9288000000000003,
        0.9368,
        0.9344,
        0.9204000000000001,
        0.9172,
        0.9464,
        0.9408000000000001,
        0.9372000000000003,
        0.9396,
        0.9371999999999998,
        0.9380000000000002,
        0.9524000000000001,
        0.9372000000000001,
        0.9224000000000002,
        0.9216000000000004,
        0.9424000000000001,
        0.9356,
        0.9384,
        0.9400000000000002,
        0.9416000000000001,
        0.9332000000000003,
        0.9212000000000002,
        0.932,
        0.9344,
        0.9512000000000004,
        0.9540000000000001,
        0.9515999999999998,
        0.9468,
        0.9348000000000001,
        0.9424000000000002,
        0.9456,
        0.9555999999999998,
        0.9528,
        0.9468000000000001,
        0.9396000000000001,
        0.95,
        0.9508000000000001,
        0.9507999999999999,
        0.934,
        0.9388000000000001,
        0.9448000000000001,
        0.9468
    ],
    "test_loss": [
        0.9358833879232407,
        0.851896196603775,
        0.8837553858757019,
        0.888329416513443,
        0.9492254853248596,
        0.9321660399436951,
        0.8966490924358368,
        1.0321454405784607,
        0.978119820356369,
        0.7772377729415894,
        0.9790172874927521,
        0.906663179397583,
        0.8510760068893433,
        0.8625597059726715,
        0.8936898112297058,
        0.9722605347633362,
        1.092816799879074,
        0.917701244354248,
        0.879755288362503,
        0.9837475419044495,
        1.0494660437107086,
        0.9152484238147736,
        0.8730400204658508,
        1.0291025340557098,
        1.100204735994339,
        0.9361258447170258,
        1.0588060021400452,
        1.073176920413971,
        1.145891159772873,
        1.126787781715393,
        1.0454125106334686,
        1.062542885541916,
        0.995032548904419,
        1.041361927986145,
        0.9574991166591644,
        1.030157595872879,
        0.8765250742435455,
        1.0879556238651276,
        1.001708298921585,
        0.9923186898231506,
        1.1789162158966064,
        1.0286857187747955,
        1.1796537935733795,
        1.0348537266254425,
        1.0710990726947784,
        1.0635767579078674,
        1.0407577753067017,
        1.1614077985286713,
        1.3095232844352722,
        1.149778574705124
    ],
    "test_acc": [
        0.74,
        0.76,
        0.745,
        0.75,
        0.7150000000000001,
        0.74,
        0.735,
        0.72,
        0.72,
        0.745,
        0.715,
        0.715,
        0.745,
        0.75,
        0.73,
        0.74,
        0.7250000000000001,
        0.76,
        0.7549999999999999,
        0.76,
        0.7050000000000001,
        0.74,
        0.73,
        0.725,
        0.72,
        0.75,
        0.735,
        0.685,
        0.69,
        0.7050000000000001,
        0.72,
        0.72,
        0.7150000000000001,
        0.6950000000000001,
        0.72,
        0.735,
        0.72,
        0.69,
        0.7250000000000001,
        0.74,
        0.7050000000000001,
        0.71,
        0.7,
        0.72,
        0.71,
        0.72,
        0.7050000000000001,
        0.7050000000000001,
        0.7150000000000001,
        0.7
    ]
}