{
    "train_loss": [
        0.668652937412262,
        0.6001971137523651,
        0.6173921859264374,
        0.595493255853653,
        0.5836153268814087,
        0.5803753137588501,
        0.6145787036418915,
        0.5626279699802399,
        0.5903049039840699,
        0.5676660549640655,
        0.5549573564529419,
        0.5641828203201293,
        0.5607173752784729,
        0.5501258218288422,
        0.5429809379577637,
        0.5385901343822479,
        0.5359114515781402,
        0.54137904047966,
        0.587793208360672,
        0.5590066611766815,
        0.5345931708812713,
        0.5169583320617676,
        0.5333364677429199,
        0.559084575176239,
        0.5096489405632019,
        0.5277427220344544,
        0.5143872451782227,
        0.5018056833744049,
        0.5110256123542786,
        0.49062111020088195,
        0.4738010096549988,
        0.49543721914291383,
        0.4968622672557831,
        0.5131313681602478,
        0.4983342099189758,
        0.5198270189762115,
        0.5172210681438446,
        0.5027911174297333,
        0.4830673265457153,
        0.46727039813995364,
        0.5090048170089722,
        0.4943281388282776,
        0.5104543948173523,
        0.4698409974575043,
        0.4561706531047821,
        0.44341127753257753,
        0.4448875153064728,
        0.44264359593391417,
        0.4251770889759064,
        0.4666933298110962
    ],
    "train_acc": [
        0.7487999999999998,
        0.7776000000000002,
        0.7716,
        0.7728,
        0.7807999999999999,
        0.7784000000000003,
        0.7764,
        0.7879999999999997,
        0.7736,
        0.7916,
        0.8003999999999999,
        0.7896,
        0.7948000000000001,
        0.7896000000000001,
        0.7972,
        0.8055999999999998,
        0.7999999999999997,
        0.7924000000000001,
        0.782,
        0.7928000000000002,
        0.8031999999999997,
        0.81,
        0.8035999999999999,
        0.7940000000000002,
        0.8068000000000001,
        0.8168,
        0.8107999999999999,
        0.8155999999999998,
        0.8132,
        0.8223999999999999,
        0.8244000000000002,
        0.8112,
        0.8136,
        0.8064000000000001,
        0.8183999999999999,
        0.8028,
        0.8064,
        0.8188000000000002,
        0.8188,
        0.8275999999999998,
        0.8112,
        0.8192000000000002,
        0.8139999999999996,
        0.8268,
        0.8296000000000001,
        0.8364,
        0.8371999999999998,
        0.8352,
        0.8455999999999997,
        0.8252000000000002
    ],
    "test_loss": [
        0.8043877184391022,
        0.8702231645584106,
        0.8746938407421112,
        0.9116682410240173,
        0.9416164457798004,
        0.8940298557281494,
        0.8679180443286896,
        0.8953284323215485,
        0.8548369705677032,
        0.8896949589252472,
        0.9117777347564697,
        0.9550189077854156,
        0.9018377363681793,
        0.9081990718841553,
        0.8784301280975342,
        0.9514896273612976,
        0.9125676155090332,
        1.0028200447559357,
        0.8881871998310089,
        0.8444585800170898,
        0.8481469452381134,
        0.9029083549976349,
        0.9642771780490875,
        0.911938488483429,
        0.9559698104858398,
        0.9303578436374664,
        0.9147301018238068,
        0.9985150098800659,
        0.8952860832214355,
        0.865587592124939,
        1.0537077188491821,
        0.8776580989360809,
        0.9992269575595856,
        0.9460780620574951,
        0.84317347407341,
        0.9523178935050964,
        0.9029592871665955,
        0.8520261347293854,
        0.9132585227489471,
        1.0296762585639954,
        0.9561291337013245,
        0.9877700209617615,
        0.9486329853534698,
        0.9948422908782959,
        0.9238357543945312,
        0.915916919708252,
        0.8765554130077362,
        0.8524757325649261,
        0.8525579571723938,
        0.9872379302978516
    ],
    "test_acc": [
        0.7050000000000001,
        0.71,
        0.69,
        0.705,
        0.665,
        0.6599999999999999,
        0.6799999999999999,
        0.71,
        0.73,
        0.645,
        0.715,
        0.69,
        0.74,
        0.685,
        0.71,
        0.7150000000000001,
        0.715,
        0.6950000000000001,
        0.73,
        0.72,
        0.71,
        0.7050000000000001,
        0.66,
        0.6950000000000001,
        0.69,
        0.675,
        0.725,
        0.6699999999999999,
        0.71,
        0.73,
        0.69,
        0.685,
        0.67,
        0.7250000000000001,
        0.6950000000000001,
        0.69,
        0.69,
        0.73,
        0.69,
        0.665,
        0.6950000000000001,
        0.6699999999999999,
        0.69,
        0.715,
        0.73,
        0.7,
        0.73,
        0.7350000000000001,
        0.715,
        0.6950000000000001
    ]
}