{
    "train_loss": [
        1.9071070909500123,
        1.5762832689285278,
        1.5396591854095458,
        1.5343118906021118,
        1.5262387800216675,
        1.5043272399902343,
        1.515442008972168,
        1.4928609943389892,
        1.4757851600646972,
        1.4765586519241334,
        1.447069869041443,
        1.4583951950073242,
        1.4465844345092773,
        1.4398741006851197,
        1.438111162185669,
        1.411028118133545,
        1.3940916776657104,
        1.393230938911438,
        1.397798442840576,
        1.3964743041992187,
        1.3627455043792724,
        1.3353392839431764,
        1.337564263343811,
        1.3054932641983032,
        1.3248426294326783,
        1.316261739730835,
        1.2933128309249877,
        1.2712814235687255,
        1.2227621793746948,
        1.2470303297042846,
        1.2112881469726562,
        1.226118609905243,
        1.2190724515914917,
        1.2038670539855958,
        1.2216874885559081,
        1.19507794380188,
        1.1770912384986878,
        1.1657512855529786,
        1.15872878074646,
        1.1526583123207093,
        1.1567114734649657,
        1.1344380855560303,
        1.1487413597106935,
        1.1363582611083984,
        1.0757030725479126,
        1.1131354928016663,
        1.087631049156189,
        1.0669505429267883,
        1.0914654970169066,
        1.0783716249465942
    ],
    "train_acc": [
        0.2116,
        0.2564,
        0.28480000000000005,
        0.29120000000000007,
        0.3188,
        0.3404,
        0.3024,
        0.3308,
        0.3488,
        0.3535999999999999,
        0.3664,
        0.35239999999999994,
        0.36560000000000004,
        0.3732,
        0.38319999999999993,
        0.38600000000000007,
        0.4091999999999999,
        0.4079999999999999,
        0.4060000000000001,
        0.4208,
        0.4216,
        0.4367999999999999,
        0.4568000000000001,
        0.45879999999999993,
        0.45280000000000004,
        0.4532,
        0.46080000000000004,
        0.4804,
        0.4991999999999999,
        0.48439999999999983,
        0.5104,
        0.506,
        0.5104,
        0.5224,
        0.512,
        0.5164,
        0.5276000000000001,
        0.5451999999999999,
        0.5367999999999998,
        0.5431999999999999,
        0.5420000000000001,
        0.558,
        0.5324,
        0.5508000000000001,
        0.5771999999999999,
        0.5636000000000001,
        0.5856000000000001,
        0.59,
        0.5692,
        0.5628000000000002
    ],
    "test_loss": [
        1.605704128742218,
        1.5412823557853699,
        1.5495736002922058,
        1.5374107360839844,
        1.535991132259369,
        1.5553162097930908,
        1.533060371875763,
        1.5223620533943176,
        1.5181193351745605,
        1.4729910492897034,
        1.4515899419784546,
        1.464599609375,
        1.447792649269104,
        1.4771335124969482,
        1.4264553785324097,
        1.441722810268402,
        1.3826748728752136,
        1.4108560681343079,
        1.3128267526626587,
        1.362173616886139,
        1.3891848921775818,
        1.3060388565063477,
        1.3023596405982971,
        1.3078024983406067,
        1.290392816066742,
        1.2714819312095642,
        1.2191764116287231,
        1.2434415817260742,
        1.175278127193451,
        1.2887784838676453,
        1.2567907571792603,
        1.2569242119789124,
        1.2420809864997864,
        1.1803589463233948,
        1.2599800825119019,
        1.1783148050308228,
        1.1554454565048218,
        1.1494736075401306,
        1.1420620679855347,
        1.264601469039917,
        1.2047866880893707,
        1.1676718592643738,
        1.1283774375915527,
        1.1050274968147278,
        1.145574539899826,
        1.1060104966163635,
        1.126119464635849,
        1.1011972427368164,
        1.0653619766235352,
        1.159248411655426
    ],
    "test_acc": [
        0.18,
        0.27,
        0.29,
        0.295,
        0.315,
        0.29,
        0.35,
        0.365,
        0.355,
        0.355,
        0.41,
        0.33,
        0.39999999999999997,
        0.295,
        0.41000000000000003,
        0.375,
        0.42500000000000004,
        0.43,
        0.44999999999999996,
        0.39,
        0.4,
        0.485,
        0.46,
        0.445,
        0.465,
        0.5,
        0.515,
        0.48,
        0.52,
        0.48,
        0.485,
        0.47,
        0.47000000000000003,
        0.51,
        0.49,
        0.5349999999999999,
        0.5449999999999999,
        0.545,
        0.505,
        0.5,
        0.525,
        0.53,
        0.53,
        0.5449999999999999,
        0.59,
        0.5349999999999999,
        0.58,
        0.56,
        0.56,
        0.525
    ]
}